,AlternateUsesTask1,AlternateUsesTask2,AlternateUsesTask3,AlternateUsesTask4,AlternateUsesTask5,AssignedCondition,Create New Field or Choose From Dropdown...,CreativityLevel,DAT1,DAT10,DAT2,DAT3,DAT4,DAT5,DAT6,DAT7,DAT8,DAT9,DistributionChannel,Duration (in seconds),EndDate,ExternalReference,Finished,Gender,IPAddress,Item1,Item2,Item3,Item4,Item5,LocationLatitude,LocationLongitude,Progress,Q131_Click Count,Q131_First Click,Q131_Last Click,Q131_Page Submit,Q132_Click Count,Q132_First Click,Q132_Last Click,Q132_Page Submit,Q133_Click Count,Q133_First Click,Q133_Last Click,Q133_Page Submit,Q134_Click Count,Q134_First Click,Q134_Last Click,Q134_Page Submit,Q135_Click Count,Q135_First Click,Q135_Last Click,Q135_Page Submit,Q136_Click Count,Q136_First Click,Q136_Last Click,Q136_Page Submit,Q137_Click Count,Q137_First Click,Q137_Last Click,Q137_Page Submit,Q138_Click Count,Q138_First Click,Q138_Last Click,Q138_Page Submit,Q139_Click Count,Q139_First Click,Q139_Last Click,Q139_Page Submit,Q141,Q143,Q145,Q147_Click Count,Q147_First Click,Q147_Last Click,Q147_Page Submit,Q148_Click Count,Q148_First Click,Q148_Last Click,Q148_Page Submit,Q149_Click Count,Q149_First Click,Q149_Last Click,Q149_Page Submit,Q150_Click Count,Q150_First Click,Q150_Last Click,Q150_Page Submit,Q151_Click Count,Q151_First Click,Q151_Last Click,Q151_Page Submit,Q152_Click Count,Q152_First Click,Q152_Last Click,Q152_Page Submit,Q153,Q155_Click Count,Q155_First Click,Q155_Last Click,Q155_Page Submit,Q156_Click Count,Q156_First Click,Q156_Last Click,Q156_Page Submit,Q157_Click Count,Q157_First Click,Q157_Last Click,Q157_Page Submit,Q158_Click Count,Q158_First Click,Q158_Last Click,Q158_Page Submit,Q159_Click Count,Q159_First Click,Q159_Last Click,Q159_Page Submit,Q160_Click Count,Q160_First Click,Q160_Last Click,Q160_Page Submit,Q161_Click Count,Q161_First Click,Q161_Last Click,Q161_Page Submit,Q163,Q164_Click Count,Q164_First Click,Q164_Last Click,Q164_Page Submit,Q165_Click Count,Q165_First Click,Q165_Last Click,Q165_Page Submit,Q166_Click Count,Q166_First Click,Q166_Last Click,Q166_Page Submit,Q167_Click Count,Q167_First Click,Q167_Last Click,Q167_Page Submit,Q168_Click Count,Q168_First Click,Q168_Last Click,Q168_Page Submit,Q169_Click Count,Q169_First Click,Q169_Last Click,Q169_Page Submit,Q170_Click Count,Q170_First Click,Q170_Last Click,Q170_Page Submit,Q171_Click Count,Q171_First Click,Q171_Last Click,Q171_Page Submit,Q184_Click Count,Q184_First Click,Q184_Last Click,Q184_Page Submit,Q190,Q192_Click Count,Q192_First Click,Q192_Last Click,Q192_Page Submit,Q193_1,Q193_10,Q193_2,Q193_3,Q193_4,Q193_5,Q193_6,Q193_7,Q193_8,Q193_9,Q196_Click Count,Q196_First Click,Q196_Last Click,Q196_Page Submit,Q202,Q204_Click Count,Q204_First Click,Q204_Last Click,Q204_Page Submit,Q210,Q215_Click Count,Q215_First Click,Q215_Last Click,Q215_Page Submit,Q22,Q221,Q223_Click Count,Q223_First Click,Q223_Last Click,Q223_Page Submit,Q229,Q23,Q234,Q237,Q237_5_TEXT,Q238,Q24_1,Q24_2,Q24_3,Q24_4,Q25_1,Q25_2,Q25_3,Q25_4,Q25_5,Q26_1,Q26_2,Q26_3,Q26_4,Q27_Click Count,Q27_First Click,Q27_Last Click,Q27_Page Submit,Q37_1,Q37_10,Q37_2,Q37_3,Q37_4,Q37_5,Q37_6,Q37_7,Q37_8,Q37_9,Q38_Click Count,Q38_First Click,Q38_Last Click,Q38_Page Submit,Q39_1,Q39_2,Q39_3,Q39_4,Q39_5,Q4,Q42_1,Q42_2,Q42_3,Q42_4,Q42_5,Q43_1,Q43_2,Q43_3,Q43_4,Q43_5,Q44_1,Q44_2,Q44_3,Q45,Q46,Q4_11_TEXT,Q5,Q51_Id,Q51_Name,Q51_Size,Q51_Type,Q56,Q5_5_TEXT,Q6,Q66_Click Count,Q66_First Click,Q66_Last Click,Q66_Page Submit,Q72,Q74_Click Count,Q74_First Click,Q74_Last Click,Q74_Page Submit,Q80,Q85_Click Count,Q85_First Click,Q85_Last Click,Q85_Page Submit,Q86_Click Count,Q86_First Click,Q86_Last Click,Q86_Page Submit,Q88_Click Count,Q88_First Click,Q88_Last Click,Q88_Page Submit,RecipientEmail,RecipientFirstName,RecipientLastName,RecordedDate,ResponseId,StartDate,Status,StratifiedGroup,UserLanguage,alreadyIntroducedToAI,difference_creative_personal_identity,difference_creative_self_efficacy,post_creative_personal_identity,post_creative_self_efficacy,pre_creative_personal_identity,pre_creative_self_efficacy,DigitSpanScore,DATScore,Delta_Q2,Delta_Q3,CombinedCondition,DATCombinedCondition,Fluency1,Fluency2,Fluency3,Fluency4,Fluency5,FluencyAverage,FluencyChange
45,You can use it as a jester hat; you can use it as a belt; A scarf; A blanket; A cusion; Warm up yourself; Blow out fires; Sheild; whip; a ruler; free string; make cows mad?; wear,You can use it as a spare tire; You can use it as a heater; You can use it to contain a fire? (Does it work?); Tire swing; You can use it to catch theifs by supprise; A swimming donut; A fake donut to attract homer simpson; a painting; free black dye,A fan; a lamp; a air rocket; a gamble machine; figit spinner; sprinkler; pranking machine; a water ninja star; a yeeting machine; a bottle cap spinner; a tire; a spare tire; a axel; free plastic; free money 1 DOLLA DOLLA SIR Go to recooligy centewr,Slipper; Whoop; Kick; Throw; Give to goat; free leather; tiny jacket; trade in recooligy center for 1 dolla dolla; free string!!!!!!!!!!!!!!!!!!!!!!!; use the rubber to make a catapult; a sheild; a *sword?*,4 legs and make an animal; free wood; let lumberjacks be happier; a ceiling fan that kind of works i guess; a rotating disk to use as a spare tire; use it to catch enimies; use it as a wooden helment; a slot machine; flip a coin (table); use it as an umbrella; free shade; yeet it; use it as a bed,Assisted-First,,5,Dog,toilet,Cat,Rug,Violin,Drum,Gunpowder,Pond,Gmail,ChatGPT,anonymous,5048,2025-02-17 22:53:35,,True,Male,99.88.43.231,pair of pants,tire,bottle,shoe,table,47.6109,-122.3303,100,0,0,0,1.016,0,0,0,1.016,0,0,0,1.112,0,0,0,1.014,0,0,0,1.114,0,0,0,1.016,0,0,0,1.109,0,0,0,1.013,0,0,0,1.116,1376,95408,597832,0,0,0,1.013,0,0,0,1.117,0,0,0,1.018,0,0,0,1.117,0,0,0,1.016,0,0,0,1.013,4018263,0,0,0,1.014,0,0,0,1.113,0,0,0,1.013,0,0,0,1.013,0,0,0,1.017,0,0,0,1.115,0,0,0,1.117,85734786,0,0,0,1.015,0,0,0,1.017,0,0,0,1.118,0,0,0,1.013,0,0,0,1.017,0,0,0,1.013,0,0,0,1.119,0,0,0,1.015,,,,,,,,,,,,,,,,,,,,2,1.671,36.426,120.013,A fan,1,2.078,2.078,120.05,Slipper,,,,,I understand!,,,,,,,You can use it as a jester hat,5.0,Laptop Computer,,,4.0,4.0,3.0,5.0,4.0,3.0,4.0,5.0,5.0,3.0,1,4,4,7,3.794,79.96,120.02,Dog,toilet,Cat,Rug,Violin,Drum,Gunpowder,Pond,Gmail,ChatGPT,10,1.505,37.794,50.201,1,3,Agree,3,1,5th,4.0,4.0,4.0,3.0,5.0,3.0,4.0,4.0,5.0,4.0,3.0,1,5,Yayayayyayayayayay,I understand the above procedures,,Male,F_3Dcs5mLsM936vNm,signature.png,8197,image/png,563,,Asian (including the Indian subcontinent),1,2.147,2.147,120.018,4 legs and make an animal,2,2.097,91.046,120.019,You can use it as a spare tire,0,0,0,1.114,0,0,0,1.118,0,0,0,1.015,,,,2025-02-17 22:53:37,R_3DciVqaTxlA19XD,2025-02-17 21:29:26,IP Address,HighMale,EN,true,-0.050000000000000044,-0.04166666666666663,0.7,0.75,0.75,0.7916666666666666,6,77.89883,0,1,AI Assisted AUT,Not Assisted DAT,13,9,15,12,13,12.4,0
54,to protect your foot from sharp objects; so you keep you feet clean; to make walking more comfortable,to eat a meal; to stand on to reach something; to store items on; to play board games on; to have a meeting or to chat,to keep you warm; to protect you from objects; use it's fabric to repair some other object that is torn; to wrap/cushion something,"use it as a swing; to protect wheel of a vehicle; fill it with candy, cover the holes and use it as a pinata; as a heavy hula hoop",to store you water; to do a coke and mentos experiment; to store other liquids or objects; to hit your siblings with and annoy them,Assisted-Second,,4,pie,window,computer,paper,flute,fast,chaos,heaven,creativity,steel,anonymous,1489,2025-02-23 20:24:53,,True,Male,99.106.169.220,shoe,table,pair of pants,tire,bottle,37.5202,-122.2758,100,0,0,0,1.012,0,0,0,1.104,0,0,0,1.008,0,0,0,1.008,0,0,0,1.008,0,0,0,1.008,0,0,0,1.008,0,0,0,1.108,0,0,0,1.009,1376,95408,597832,0,0,0,1.008,0,0,0,1.108,0,0,0,1.104,0,0,0,1.008,0,0,0,1.007,0,0,0,1.008,4012683,0,0,0,1.008,0,0,0,1.008,0,0,0,1.008,0,0,0,1.007,0,0,0,1.008,0,0,0,1.008,0,0,0,1.108,83976547,0,0,0,1.009,0,0,0,1.108,0,0,0,1.106,0,0,0,1.107,0,0,0,1.007,0,0,0,1.008,0,0,0,1.008,0,0,0,1.008,6,2.161,68.018,120.108,to eat a meal,11,9.348,91.672,92.102,pie,window,computer,paper,flute,fast,chaos,heaven,creativity,steel,,,,,,,,,,,8,5.549,103.271,120.009,I understand!,to keep you warm,8,1.743,98.59,120.008,use it as a swing,to protect your foot from sharp objects,4.0,Desktop Computer,,,4.0,4.0,5.0,3.0,4.0,3.0,5.0,4.0,4.0,3.0,4,5,4,8,5.981,107.371,120.009,,,,,,,,,,,,,,,Agree,Disagree,Agree,3,Agree,8th,4.0,3.0,4.0,4.0,2.0,4.0,3.0,4.0,4.0,3.0,3.0,4,5,,I understand the above procedures,,Male,F_3ivTZawCOPHEj0G,signature.png,5352,image/png,563,,Asian (including the Indian subcontinent),4,3.165,68.074,120.105,to store you water,,,,,,0,0,0,1.108,0,0,0,1.008,0,0,0,1.008,,,,2025-02-23 20:24:54,R_5PnMW1vKx6Xj6Ey,2025-02-23 20:00:03,IP Address,HighMale,EN,,-0.09999999999999998,-0.125,0.55,0.6666666666666666,0.65,0.7916666666666666,7,79.35578,0,0,Not AI Assisted AUT,AI Assisted DAT,3,5,4,4,4,4.0,1
62,put stuff on; stand on; sit on; use as a shield; hide under; throw at someone; use it to ride down stairs if small enough; write/draw on; lay down on,sit in; tire swing; roll in; diy table; use it for a car; paint it to make it fun; garden planter; ottoman; put mirror in it,message in a bottle; drink water; ship in a bottle; make a necklace; use it for accessories; diy garden pitcher; poke holes in it for a diy sink; bottle flips; mini terrarium; paint it; turn it into a lamp,wear them; turn them into a skirt; turn them into shorts; turn them into a shirt; paint them; turn them into a bag; turn them into a pillow; turn them into,wear them; planter diy; hang them on a tree as an ornament; throw them at people; paint them; embroider them; put stuff in them; carry a hamster in,Fully Assisted,,4,sun,cupcake,backpack,car,hairbrush,jacket,building,pom poms,sneakers,water bottle,anonymous,10115,2025-03-09 20:12:35,,True,Female,172.56.91.40,table,tire,bottle,pair of pants,shoe,30.3773,-97.71,100,0,0,0,1.015,0,0,0,1.018,0,0,0,1.02,0,0,0,1.02,0,0,0,1.016,0,0,0,1.02,0,0,0,1.021,0,0,0,1.021,0,0,0,1.021,1376,95408,598732,0,0,0,1.114,0,0,0,1.018,0,0,0,1.018,0,0,0,1.019,0,0,0,1.021,0,0,0,1.12,4012683,0,0,0,1.021,0,0,0,1.12,0,0,0,1.021,0,0,0,1.121,0,0,0,1.02,0,0,0,1.021,0,0,0,1.022,89763574,0,0,0,1.019,0,0,0,1.02,0,0,0,1.02,0,0,0,1.016,0,0,0,1.018,0,0,0,1.019,0,0,0,1.019,0,0,0,1.02,,,,,,32,3.109,78.653,80.267,sun,cupcake,backpack,car,hairbrush,jacket,building,pom poms,sneakers,water bottle,8,1.266,109.817,120.082,message in a bottle,10,0.789,119.021,120.064,wear them,,,,,I understand!,,,,,,,put stuff on,4.0,Phone,,Agree,5.0,4.0,4.0,4.0,5.0,5.0,4.0,4.0,4.0,4.0,1,4,4,4,1.456,78.687,120.027,,,,,,,,,,,,,,,Disagree,Disagree,5,5,5,10th,5.0,5.0,5.0,5.0,5.0,5.0,5.0,4.0,4.0,5.0,4.0,4,5,,I understand the above procedures,,Female,F_1dG4iGatPKy7NUN,signature.png,5907,image/png,563,,Asian (including the Indian subcontinent),22,1.22,112.646,120.115,wear them,18,1.157,117.582,120.241,sit in,0,0,0,1.025,0,0,0,1.022,0,0,0,1.025,,,,2025-03-09 20:12:36,R_1Q8MZYAO8khJeWB,2025-03-09 17:23:59,IP Address,HighFemale,EN,true,0.09999999999999998,0.125,0.95,0.9166666666666666,0.85,0.7916666666666666,7,83.678215,3,1,AI Assisted AUT,AI Assisted DAT,9,9,11,8,8,9.0,-1
64,Drinking; Floating; projects; toys; container; games; cooking,Driving; swing; Garden planter; obstacle course; DIY chair; snadbox; Art project; Decoration; building; sculpture; Wall art; Outdoor tab,Wearing; Art; Make a patch; tote bag; pillow; jacket; skirt; shorts; rug; apron; headbands,Outfits; shoelace for tieing things; birdhouse; pencil holder'; fabric for other things; lamp; door stopper; decoration; collection; secrect stash pot,table; foot rest; holder for something; building; making things out of wood; desk; coffee table; decoration; table legs for repourpose; pet bed; seat; tool; fig,Assisted-First,,4,dog,notebook,chair,lamp,bag,fruit,violin,clock,toothbrush,laundry bin,anonymous,2081,2025-03-13 19:05:35,,True,Female,73.15.92.169,bottle,tire,pair of pants,shoe,table,37.5428,-122.2971,100,0,0,0,1.006,0,0,0,1.007,0,0,0,1.007,0,0,0,1.005,0,0,0,1.008,0,0,0,1.007,0,0,0,1.107,0,0,0,1.007,0,0,0,1.008,1376,95408,59783,0,0,0,1.107,0,0,0,1.007,0,0,0,1.007,0,0,0,1.007,0,0,0,1.007,0,0,0,1.007,401238,0,0,0,1.006,0,0,0,1.106,0,0,0,1.107,0,0,0,1.006,0,0,0,1.107,0,0,0,1.007,0,0,0,1.107,8397653,0,0,0,1.007,0,0,0,1.007,0,0,0,1.007,0,0,0,1.007,0,0,0,1.107,0,0,0,1.007,0,0,0,1.007,0,0,0,1.006,,,,,,,,,,,,,,,,,,,,6,3.26,104.487,120.008,Wearing,3,4.311,87.815,120.108,Outfits,,,,,I understand!,,,,,,,Drinking ,4.0,Laptop Computer,,Agree,5.0,5.0,5.0,3.0,5.0,4.0,5.0,4.0,4.0,4.0,3,4,4,1,4.812,4.812,120.009,dog,notebook,chair,lamp,bag,fruit,violin,clock,toothbrush,laundry bin,12,1.839,60.963,74.423,3,Disagree,3,3,Disagree,6th,4.0,5.0,5.0,5.0,3.0,5.0,4.0,5.0,4.0,4.0,4.0,3,4,,,,Female,F_2486f5RfczxUGit,signature.png,12461,image/png,563,,"Asian (including the Indian subcontinent),White",5,2.819,17.607,120.109,table,3,2.454,112.09,120.008,Driving,0,0,0,1.106,0,0,0,1.007,0,0,0,1.008,,,,2025-03-13 19:05:36,R_3bHTEDCQcVcEQIC,2025-03-13 18:30:54,IP Address,HighFemale,EN,true,0.0,0.0,0.8,0.875,0.8,0.875,5,77.799,0,0,AI Assisted AUT,Not Assisted DAT,7,12,11,10,13,10.6,6
66,Drinking water; Carrying goods in it; Potting a plant; Adding two together to make an hourglass; Cutting it to make it a marker/pencil holder; Make a water powered car with it; Make a fan powered car with it; Cut it to make a pinwheel,Move a car; Workout with it; Put a dog in it and use it as a cage; Stack them to make a playground; Paint it to make it a donut; Use it as a floatie; Use it as a giant hairtie for a statue; Cut the rubber and repurpose it,Wear them; Cut them into shorts; Cut and sew them into a denim skirt; Cut them to make flair jeans; Cut them into a denim top; Sew it into a container; Cut the top part out and make sleeves; Make it into dolls clothes,Wear them; Donate them; Plant a flower in them; Use it to store something; Add a secret pocket and use it to hide something; Cut it and make it a pocket; Cut the top off and make it a jewelry holder; Put two together to make a piggy bank; Use the laces as string fo,As a stool; Cut the legs off to make it a plate; Use the legs and attach string for a mop; Use the legs to make a rake; Stack tables securely to make a playground; Put them on their side to make wheels for a car; Use the legs to make a ladder,Assisted-Second,,4,Rabbit,Roof,Boat,Fantastic,Television,Softball,Small,Delirious,Smile,Science,anonymous,1315,2025-03-16 21:36:14,,True,Female,71.202.214.172,bottle,tire,pair of pants,shoe,table,37.5549,-122.2708,100,0,0,0,1.013,0,0,0,1.019,0,0,0,1.012,0,0,0,1.115,0,0,0,1.117,0,0,0,1.118,0,0,0,1.01,0,0,0,1.011,0,0,0,1.01,1376,95408,597382,0,0,0,1.011,0,0,0,1.006,0,0,0,1.106,0,0,0,1.119,0,0,0,1.01,0,0,0,1.012,4012683,0,0,0,1.016,0,0,0,1.114,0,0,0,1.011,0,0,0,1.117,0,0,0,1.115,0,0,0,1.017,0,0,0,1.015,83976583,0,0,0,1.016,0,0,0,1.019,0,0,0,1.006,0,0,0,1.01,0,0,0,1.116,0,0,0,1.009,0,0,0,1.015,0,0,0,1.016,10,6.839,116.297,120.009,Move a car,13,4.587,130.745,135.767,Rabbit,Roof,Boat,Fantastic,Television,Softball,Small,Delirious,Smile,Science,,,,,,,,,,,8,3.1,82.091,116.703,I understand!,Wear them,12,3.899,111.751,120.118,Wear them,Drinking water,4.0,Laptop Computer,,1,5.0,4.0,4.0,4.0,4.0,4.0,4.0,4.0,4.0,3.0,4,4,2,9,2.492,108.441,120.008,,,,,,,,,,,,,,,3,Disagree,1,1,Disagree,7th,4.0,4.0,4.0,3.0,4.0,5.0,3.0,4.0,4.0,4.0,2.0,4,4,,,,Female,F_2ydebj7nfyJhIpp,signature.png,13914,image/png,563,,Asian (including the Indian subcontinent),8,7.982,97.886,120.108,As a stool,,,,,,0,0,0,1.118,0,0,0,1.017,0,0,0,1.015,,,,2025-03-16 21:36:15,R_32kySQZ7wnibSX7,2025-03-16 21:14:19,IP Address,HighFemale,EN,true,-0.15000000000000002,0.0,0.6,0.75,0.75,0.75,7,82.75065,0,0,Not AI Assisted AUT,AI Assisted DAT,8,8,8,9,7,8.0,-1
67,to breathe underwater; as a belt; as a blanket; a decorationn; a towel; a cushion,a chair; swings; garden planter; part of an obstacle course; a way to float in water; a thing to throw around in a game of catch,as a bookshelf; as a desk; something to use as a canvas; a shield; a chair,planters; drink holders; door stops; birdhouse; pet toy; lamp base; a ball; glove; hat; organizes,a pet toy; container for leftover food; jelly jars; use it for games with a spinner,Assisted-First,,4,table,lipids,sky,person,armor,crayons,cars,frisbee,sink,ocean,anonymous,1502,2025-03-30 18:12:11,,True,Prefer not to say,173.72.57.50,pair of pants,tire,table,shoe,bottle,40.3699,-74.6381,100,0,0,0,1.006,0,0,0,1.111,0,0,0,1.01,0,0,0,1.005,0,0,0,1.006,0,0,0,1.108,0,0,0,1.005,0,0,0,1.109,0,0,0,1.006,1376,95408,597832,0,0,0,1.11,0,0,0,1.106,0,0,0,1.108,0,0,0,1.012,0,0,0,1.107,0,0,0,1.106,4012683,0,0,0,1.013,0,0,0,1.013,0,0,0,1.012,0,0,0,1.005,0,0,0,1.112,0,0,0,1.111,0,0,0,1.012,83967657,0,0,0,1.01,0,0,0,1.109,0,0,0,1.013,0,0,0,1.108,0,0,0,1.112,0,0,0,1.012,0,0,0,1.01,0,0,0,1.006,,,,,,,,,,,,,,,,,,,,6,3.543,80.93,120.006,as a bookshelf,3,18.019,116.916,120.109,planters,,,,,I understand!,,,,,,,to breathe underwater,4.0,Desktop Computer,,Agree,3.0,5.0,4.0,1.0,2.0,1.0,3.0,5.0,2.0,4.0,2,5,1,3,2.738,95.766,120.005,table,lipids,sky,person,armor,crayons,cars,frisbee,sink,ocean,14,1.584,58.616,70.833,5,1,Agree,Agree,5,5th,3.0,2.0,5.0,4.0,3.0,4.0,2.0,4.0,5.0,2.0,5.0,4,5,,I understand the above procedures,,Prefer not to say,F_29lYPlV4kIHlOWK,signature.png,8932,image/png,563,,Asian (including the Indian subcontinent),6,5.226,115.43,120.008,a pet toy,3,5.151,30.601,120.012,a chair,0,0,0,1.012,0,0,0,1.01,0,0,0,1.007,,,,2025-03-30 18:12:13,R_5sd6RIE0nIN6Ffk,2025-03-30 17:47:09,IP Address,HighFemale,EN,true,0.0,0.20833333333333326,0.45,0.7916666666666666,0.45,0.5833333333333334,7,80.88357,2,0,AI Assisted AUT,Not Assisted DAT,6,6,5,10,4,6.2,-2
68,wear it on your feet; use it to kill bugs; use it to hold down something; use it as a home for a small critter; use it to play catch with; wear them on your hands and walk upside-down,flip it as a game; empty it as use it to grown plants out of; cut it up and use it as a propeller for a tiny motorized vehicle; hit people; kill bugs; extinguish a fire; play catch; paper weight,put on a car and drive; tug of war; tire swing; create an obstacle course; put paint on it and use the track marks as a cool pattern for clothes; run inside of it like a hamster (that can get places),wear them; cut them up and use the fabric for other clothes; stuff them with hay and make it a scarecrow; fill them with air and use as a life vest; use them to swing across ziplines,eat off of; play games on; put plants on; stand on top of to get higher; sit on; block a door; use as surface for art; use as cooking surface; use as homework surface,Assisted-Second,,4,flower,galaxies,plane,trombone,algebra,anger,fibula,orange,spiky,managerial,anonymous,1646,2025-03-30 18:29:11,,True,Male,173.72.57.50,shoe,bottle,tire,pair of pants,table,40.3699,-74.6381,100,0,0,0,1.109,0,0,0,1.009,0,0,0,1.009,0,0,0,1.012,0,0,0,1.111,0,0,0,1.108,0,0,0,1.009,0,0,0,1.01,0,0,0,1.11,1376,95408,597832,0,0,0,1.008,0,0,0,1.011,0,0,0,1.011,0,0,0,1.009,0,0,0,1.007,0,0,0,1.111,4012683,0,0,0,1.01,0,0,0,1.009,0,0,0,1.009,0,0,0,1.009,0,0,0,1.009,0,0,0,1.111,0,0,0,1.008,83957674,0,0,0,1.112,0,0,0,1.009,0,0,0,1.111,0,0,0,1.012,0,0,0,1.11,0,0,0,1.009,0,0,0,1.011,0,0,0,1.113,10,2.459,112.689,120.005,flip it as a game,19,44.744,213.946,237.472,flower,galaxies,plane,trombone,algebra,anger,fibula,orange,spiky,managerial,,,,,,,,,,,7,1.981,119.888,120.01,I understand!,put on a car and drive,1,4.504,4.504,120.012,wear them,wear it on your feet,4.0,Laptop Computer,,Disagree,5.0,3.0,4.0,3.0,5.0,5.0,3.0,4.0,4.0,4.0,1,4,3,10,3.741,117.53,120.011,,,,,,,,,,,,,,,Disagree,Agree,Agree,Disagree,Agree,10th,4.0,5.0,4.0,4.0,3.0,5.0,5.0,4.0,4.0,5.0,4.0,2,4,,I understand the above procedures,,Male,F_bQr6WLXH2odnst3,signature.png,12037,image/png,563,,"Asian (including the Indian subcontinent),White",5,3.15,76.339,120.01,eat off of,,,,,,0,0,0,1.111,0,0,0,1.112,0,0,0,1.007,,,,2025-03-30 18:29:12,R_5PecswP56JL8QWq,2025-03-30 18:01:44,IP Address,HighMale,EN,true,0.050000000000000044,0.08333333333333337,0.9,0.75,0.85,0.6666666666666666,7,89.44076,1,0,Not AI Assisted AUT,AI Assisted DAT,6,8,6,5,9,6.8,3
69,swing; chair; use rubber for shoes; work outs; fire pit; playground; decoration; table,shirt; fabric,chair; spare wood; workout assistant; legs as baseball bats; frame for enclosure,storage (bottles); opener (smack the bottom of the bottle in the shoe); strings for tying knots; fabric,plastic; utensils; plates; glasses; container; used to make a projector; bottle cap as pins; pla for 3d printer,Control,,5,dog,pinwheel,graph,skateboard,guitar,shirt,black,window,soup ,string lights,anonymous,939,2025-03-30 18:57:24,,True,Female,96.235.183.241,tire,pair of pants,table,shoe,bottle,40.3699,-74.6381,100,0,0,0,1.119,0,0,0,1.119,0,0,0,1.017,0,0,0,1.016,0,0,0,1.121,0,0,0,1.02,0,0,0,1.019,0,0,0,1.018,0,0,0,1.019,1376,39540,597832,0,0,0,1.017,0,0,0,1.018,0,0,0,1.018,0,0,0,1.119,0,0,0,1.019,0,0,0,1.119,4016781,0,0,0,1.019,0,0,0,1.118,0,0,0,1.119,0,0,0,1.017,0,0,0,1.018,0,0,0,1.026,0,0,0,1.028,83617934,0,0,0,1.018,0,0,0,1.017,0,0,0,1.028,0,0,0,1.119,0,0,0,1.119,0,0,0,1.018,0,0,0,1.019,0,0,0,1.018,20,0.679,79.197,80.087,shirt,,,,,,,,,,,,,,,,,,,,,,,,,23,0.583,105.02,109.825,I understand!,chair,7,1.233,72.801,75.4,storage (bottles),swing,5.0,Phone,,,5.0,4.0,4.0,3.0,4.0,5.0,5.0,4.0,5.0,5.0,1,1,3,15,3.146,98.73,100.374,dog,pinwheel,graph,skateboard,guitar,shirt,black,window,soup ,string lights,30,1.93,74.632,90.392,Disagree,1,3,Agree,3,12th,5.0,5.0,4.0,5.0,3.0,5.0,5.0,5.0,4.0,5.0,5.0,1,1,,I understand the above procedures,,Female,F_3CE2shtA1COQgo6,signature.png,21581,image/png,563,,White,7,4.563,117.566,120.024,plastic,,,,,,0,0,0,1.119,0,0,0,1.018,0,0,0,1.018,,,,2025-03-30 18:57:25,R_56bX1Mnn8ilF6wo,2025-03-30 18:41:45,IP Address,HighFemale,EN,,0.0,0.08333333333333337,1.0,0.8333333333333334,1.0,0.75,6,78.68301,0,0,Not AI Assisted AUT,Not Assisted DAT,8,2,5,4,8,5.4,0
70,stand on; paint; cut up; fort; earthquake protection; hide under; scare someone from underneath; turn upside down to make raft,swing; chair; planter; decoration; trampoline; dog bed; hamster obstacle course,whip; bag; scrap fabric; spare buttons and zipper; crop top; stuffing,planter; bath toy; noise maker; snow globe; light cover; book end; light refractor,insect killer; dog toy; planter; painting; cat hat; hamster bed,Fully Assisted,,5,cat,concrete ,vegetable ,swimming ,sewn,read,watch,blanket,trash,rug,anonymous,878,2025-03-30 19:35:55,,True,Non-binary / third gender,173.71.98.126,table,tire,pair of pants,bottle,shoe,40.3699,-74.6381,100,0,0,0,1.018,0,0,0,1.018,0,0,0,1.018,0,0,0,1.019,0,0,0,1.017,0,0,0,1.017,0,0,0,1.017,0,0,0,1.017,0,0,0,1.016,1376,95408,598732,0,0,0,1.017,0,0,0,1.017,0,0,0,1.018,0,0,0,1.018,0,0,0,1.018,0,0,0,1.117,4012683,0,0,0,1.018,0,0,0,1.017,0,0,0,1.019,0,0,0,1.017,0,0,0,1.018,0,0,0,1.018,0,0,0,1.018,83967534,0,0,0,1.018,0,0,0,1.018,0,0,0,1.118,0,0,0,1.021,0,0,0,1.018,0,0,0,1.018,0,0,0,1.117,0,0,0,1.016,,,,,,38,1.1,47.615,58.131,cat,concrete ,vegetable ,swimming ,sewn,read,watch,blanket,trash,rug,4,1.057,56.555,60.387,whip,9,0.596,64.552,67.602,planter,,,,,I understand!,,,,,,,stand on,5.0,Phone,,1,5.0,5.0,4.0,5.0,5.0,5.0,4.0,5.0,5.0,5.0,2,3,1,15,2.377,89.237,89.796,,,,,,,,,,,,,,,Disagree,1,Agree,Disagree,Disagree,11th,5.0,5.0,5.0,4.0,5.0,5.0,5.0,5.0,5.0,5.0,5.0,2,3,,I understand the above procedures,,Non-binary / third gender,F_2pK85HQJrHqOeGt,signature.png,5341,image/png,563,,White,5,0.611,73.272,74.139,insect killer,9,1.249,64.986,68.252,swing,0,0,0,1.019,1,0.986,0.986,1.017,0,0,0,1.019,,,,2025-03-30 19:35:56,R_5jUrqGzHo2t6IDt,2025-03-30 19:21:16,IP Address,HighFemale,EN,true,0.0,0.04166666666666674,1.0,0.9583333333333334,1.0,0.9166666666666666,7,79.78776,0,0,AI Assisted AUT,AI Assisted DAT,8,7,6,7,6,6.8,-2
71,You can drink from it; you can use it as a drum; you can turn it into a bird feeder; you can use it as a watering can; you can use the cap as a chess peice,You can attach it to your car; you can make an obstacle course with it; You can use it to trace a circle shape for art; you can use it as a pool float,You can stand on it to reach a tall object; You can sit on it; You can use it as a table; You can use it as a sled if you flip it upside down,"You can wear it on your foot; You can attach plastic eyes to it and use it as a puppet; you can use the shoelace to make a bracelet; You can use it to help you learn to tie knots; you can play catch with it, using the shoe as the ball",You can wear them.; you can practice embroidery by embroidering onto them.; You can put them on your head as a part of a Halloween costume.; You can use them as a jump rope by holding the legs; you could,Control,,4,Oboe,tape,apricot,elephant,pillow case,basketball,Vampire,crochet,chess,overalls,anonymous,1312,2025-03-31 10:11:30,,True,Female,72.68.110.218,bottle,tire,table,shoe,pair of pants,40.3699,-74.6381,100,0,0,0,1.148,0,0,0,1.043,0,0,0,1.044,0,0,0,1.041,0,0,0,1.022,0,0,0,1.14,0,0,0,1.141,0,0,0,1.04,0,0,0,1.045,1376,95408,597832,0,0,0,1.041,0,0,0,1.14,0,0,0,1.058,0,0,0,1.14,0,0,0,1.143,0,0,0,1.142,4012683,0,0,0,1.121,0,0,0,1.041,0,0,0,1.043,0,0,0,1.047,0,0,0,1.043,0,0,0,1.042,0,0,0,1.145,83976574,0,0,0,1.045,0,0,0,1.042,0,0,0,1.143,0,0,0,1.143,0,0,0,1.022,0,0,0,1.041,0,0,0,1.059,0,0,0,1.041,10,0.893,68.978,120.145,You can attach it to your car,,,,,,,,,,,,,,,,,,,,,,,,,9,1.39,94.496,120.042,I understand!,You can stand on it to reach a tall object,6,1.313,71.391,120.03,You can wear it on your foot,You can drink from it,4.0,iPad or Tablet,,,4.0,4.0,4.0,3.0,4.0,4.0,4.0,4.0,4.0,4.0,2,3,2,7,1.398,119.76,120.126,Oboe,tape,apricot,elephant,pillow case,basketball,Vampire,crochet,chess,overalls,26,0.661,89.82,96.067,3,Disagree,5,5,Agree,5th,4.0,4.0,4.0,4.0,4.0,4.0,4.0,4.0,4.0,4.0,4.0,2,3,,I understand the above procedures,,Female,F_x5jFFJOQnfbFetb,signature.png,9554,image/png,563,,White,10,1.068,114.574,120.082,You can wear them.,,,,,,0,0,0,1.046,0,0,0,1.042,0,0,0,1.041,,,,2025-03-31 10:11:32,R_5yePrrFe9J0LfxL,2025-03-31 09:49:38,IP Address,HighFemale,EN,,0.0,0.04166666666666663,0.75,0.75,0.75,0.7083333333333334,8,87.03018,0,0,Not AI Assisted AUT,Not Assisted DAT,5,4,4,5,5,4.6,0
